Style,Style Description,Strength,Preference,Preference Description,Working With: Intuitives,Working With: Conceptuals,Working With: Pragmatists,Working With: Deductives,Strengths,Weaknesses
Intuitive Creative Style,"An Intuitive Creative is driven by a deep curiosity and thrive on gut feelings and spontaneous bursts of inspiration. They trust their inner compass, often reaching conclusions through leaps of logic and embracing unconventional ideas. This style thrives in environments where exploration and experimentation into white spaces is encouraged and rewarded.",Strong Preference,to Learn Through Experience,Your strong preference suggests you're a hands-on learner who enjoys experimenting and actively figuring things out.,"While this may be the most comfortable and likely quite fun, diversifying your thought partnership with other types of Creative people will help you all realize and implement the ideas you freely generate. If only with other intuitives, deadlines, visual aids and tangible frameworks will be required to make progress.","While both styles prioritize ideas, Intuitives might find Conceptual Creatives too focused on logic and structure. To collaborate effectively, Intuitives should be prepared to explain the ""why"" behind their ideas and engage in open-ended discussions exploring the theoretical underpinnings and implications of their ideas.","While they may be on ""opposites"" , these styles can complement each other well. Pragmatics can help refine and implement ideas, while Intuitives can bring fresh perspectives and to inspire divergent thinking. Intuitives should be prepared to share ideas in a structured, organized and visual way demonstrating the practical applications of their concepts.","This pairing can be dynamic and energetic if handled correctly. The focus on action and moving forward from Actives, compliment to the big thinking of Intuitives. However, Intuitives may need to be patient with Active Creatives' desire for immediate action.","Being an intuitive creative you rely heavily on, as the name suggests, gut feelings and subconscious insights during the creative process. 

Often has spontaneous ""aha"" moments or breakthroughs. 
Comfortable with ambiguity and uncertainty. 
Open to unexpected connections and possibilities. 
May be drawn to artistic and expressive fields.","While thinking big and generating ideas comes naturally, applying those ideas within rigid structures requiring detailed thinking might be more difficult. 

May struggle with explaining the reasoning behind their ideas.
Can become overwhelmed by too much structure or detail.
May overlook practical considerations or potential risks."
Intuitive Creative Style,"An Intuitive Creative is driven by a deep curiosity and thrive on gut feelings and spontaneous bursts of inspiration. They trust their inner compass, often reaching conclusions through leaps of logic and embracing unconventional ideas. This style thrives in environments where exploration and experimentation into white spaces is encouraged and rewarded.",Strong Preference,to Apply Knowledge for Ideation,"Your strong preference for ideation points to enjoying thinking big, imagining and developing new understanding.","While this may be the most comfortable and likely quite fun, diversifying your thought partnership with other types of Creative people will help you all realize and implement the ideas you freely generate. If only with other intuitives, deadlines, visual aids and tangible frameworks will be required to make progress.","While both styles prioritize ideas, Intuitives might find Conceptual Creatives too focused on logic and structure. To collaborate effectively, Intuitives should be prepared to explain the ""why"" behind their ideas and engage in open-ended discussions exploring the theoretical underpinnings and implications of their ideas.","While they may be on ""opposites"" , these styles can complement each other well. Pragmatics can help refine and implement ideas, while Intuitives can bring fresh perspectives and to inspire divergent thinking. Intuitives should be prepared to share ideas in a structured, organized and visual way demonstrating the practical applications of their concepts.","This pairing can be dynamic and energetic if handled correctly. The focus on action and moving forward from Actives, compliment to the big thinking of Intuitives. However, Intuitives may need to be patient with Active Creatives' desire for immediate action.","Being an intuitive creative you rely heavily on, as the name suggests, gut feelings and subconscious insights during the creative process. 

Often has spontaneous ""aha"" moments or breakthroughs. 
Comfortable with ambiguity and uncertainty. 
Open to unexpected connections and possibilities. 
May be drawn to artistic and expressive fields.","While thinking big and generating ideas comes naturally, applying those ideas within rigid structures requiring detailed thinking might be more difficult. 

May struggle with explaining the reasoning behind their ideas.
Can become overwhelmed by too much structure or detail.
May overlook practical considerations or potential risks."
Intuitive Creative Style,"An Intuitive Creative is driven by a deep curiosity and thrive on gut feelings and spontaneous bursts of inspiration. They trust their inner compass, often reaching conclusions through leaps of logic and embracing unconventional ideas. This style thrives in environments where exploration and experimentation into white spaces is encouraged and rewarded.",Solid Preference,to Learn Through Experience,Your solid preference suggests you value learning by doing and appreciate the lessons learned from direct interaction.,"While this may be the most comfortable and likely quite fun, diversifying your thought partnership with other types of Creative people will help you all realize and implement the ideas you freely generate. If only with other intuitives, deadlines, visual aids and tangible frameworks will be required to make progress.","While both styles prioritize ideas, Intuitives might find Conceptual Creatives too focused on logic and structure. To collaborate effectively, Intuitives should be prepared to explain the ""why"" behind their ideas and engage in open-ended discussions exploring the theoretical underpinnings and implications of their ideas.","While they may be on ""opposites"" , these styles can complement each other well. Pragmatics can help refine and implement ideas, while Intuitives can bring fresh perspectives and to inspire divergent thinking. Intuitives should be prepared to share ideas in a structured, organized and visual way demonstrating the practical applications of their concepts.","This pairing can be dynamic and energetic if handled correctly. The focus on action and moving forward from Actives, compliment to the big thinking of Intuitives. However, Intuitives may need to be patient with Active Creatives' desire for immediate action.","Being an intuitive creative you rely heavily on, as the name suggests, gut feelings and subconscious insights during the creative process. 

Often has spontaneous ""aha"" moments or breakthroughs. 
Comfortable with ambiguity and uncertainty. 
Open to unexpected connections and possibilities. 
May be drawn to artistic and expressive fields.","While thinking big and generating ideas comes naturally, applying those ideas within rigid structures requiring detailed thinking might be more difficult. 

May struggle with explaining the reasoning behind their ideas.
Can become overwhelmed by too much structure or detail.
May overlook practical considerations or potential risks."
Intuitive Creative Style,"An Intuitive Creative is driven by a deep curiosity and thrive on gut feelings and spontaneous bursts of inspiration. They trust their inner compass, often reaching conclusions through leaps of logic and embracing unconventional ideas. This style thrives in environments where exploration and experimentation into white spaces is encouraged and rewarded.",Solid Preference,to Apply Knowledge for Ideation,Your solid preference suggests you enjoy using your knowledge to develop original ideas and find satisfaction in the process of creation.,"While this may be the most comfortable and likely quite fun, diversifying your thought partnership with other types of Creative people will help you all realize and implement the ideas you freely generate. If only with other intuitives, deadlines, visual aids and tangible frameworks will be required to make progress.","While both styles prioritize ideas, Intuitives might find Conceptual Creatives too focused on logic and structure. To collaborate effectively, Intuitives should be prepared to explain the ""why"" behind their ideas and engage in open-ended discussions exploring the theoretical underpinnings and implications of their ideas.","While they may be on ""opposites"" , these styles can complement each other well. Pragmatics can help refine and implement ideas, while Intuitives can bring fresh perspectives and to inspire divergent thinking. Intuitives should be prepared to share ideas in a structured, organized and visual way demonstrating the practical applications of their concepts.","This pairing can be dynamic and energetic if handled correctly. The focus on action and moving forward from Actives, compliment to the big thinking of Intuitives. However, Intuitives may need to be patient with Active Creatives' desire for immediate action.","Being an intuitive creative you rely heavily on, as the name suggests, gut feelings and subconscious insights during the creative process. 

Often has spontaneous ""aha"" moments or breakthroughs. 
Comfortable with ambiguity and uncertainty. 
Open to unexpected connections and possibilities. 
May be drawn to artistic and expressive fields.","While thinking big and generating ideas comes naturally, applying those ideas within rigid structures requiring detailed thinking might be more difficult. 

May struggle with explaining the reasoning behind their ideas.
Can become overwhelmed by too much structure or detail.
May overlook practical considerations or potential risks."
Intuitive Creative Style,"An Intuitive Creative is driven by a deep curiosity and thrive on gut feelings and spontaneous bursts of inspiration. They trust their inner compass, often reaching conclusions through leaps of logic and embracing unconventional ideas. This style thrives in environments where exploration and experimentation into white spaces is encouraged and rewarded.",Slight Preference,to Learn Through Experience,"Your slight preference suggests that you value enjoy delving into the details, but you're not opposed to trying things out yourself.","While this may be the most comfortable and likely quite fun, diversifying your thought partnership with other types of Creative people will help you all realize and implement the ideas you freely generate. If only with other intuitives, deadlines, visual aids and tangible frameworks will be required to make progress.","While both styles prioritize ideas, Intuitives might find Conceptual Creatives too focused on logic and structure. To collaborate effectively, Intuitives should be prepared to explain the ""why"" behind their ideas and engage in open-ended discussions exploring the theoretical underpinnings and implications of their ideas.","While they may be on ""opposites"" , these styles can complement each other well. Pragmatics can help refine and implement ideas, while Intuitives can bring fresh perspectives and to inspire divergent thinking. Intuitives should be prepared to share ideas in a structured, organized and visual way demonstrating the practical applications of their concepts.","This pairing can be dynamic and energetic if handled correctly. The focus on action and moving forward from Actives, compliment to the big thinking of Intuitives. However, Intuitives may need to be patient with Active Creatives' desire for immediate action.","Being an intuitive creative you rely heavily on, as the name suggests, gut feelings and subconscious insights during the creative process. 

Often has spontaneous ""aha"" moments or breakthroughs. 
Comfortable with ambiguity and uncertainty. 
Open to unexpected connections and possibilities. 
May be drawn to artistic and expressive fields.","While thinking big and generating ideas comes naturally, applying those ideas within rigid structures requiring detailed thinking might be more difficult. 

May struggle with explaining the reasoning behind their ideas.
Can become overwhelmed by too much structure or detail.
May overlook practical considerations or potential risks."
Intuitive Creative Style,"An Intuitive Creative is driven by a deep curiosity and thrive on gut feelings and spontaneous bursts of inspiration. They trust their inner compass, often reaching conclusions through leaps of logic and embracing unconventional ideas. This style thrives in environments where exploration and experimentation into white spaces is encouraged and rewarded.",Slight Preference,to Apply Knowledge for Ideation,"Your slight preference for ideation points to enjoying thinking big, while also understanding the constraints of what it takes to get something done.","While this may be the most comfortable and likely quite fun, diversifying your thought partnership with other types of Creative people will help you all realize and implement the ideas you freely generate. If only with other intuitives, deadlines, visual aids and tangible frameworks will be required to make progress.","While both styles prioritize ideas, Intuitives might find Conceptual Creatives too focused on logic and structure. To collaborate effectively, Intuitives should be prepared to explain the ""why"" behind their ideas and engage in open-ended discussions exploring the theoretical underpinnings and implications of their ideas.","While they may be on ""opposites"" , these styles can complement each other well. Pragmatics can help refine and implement ideas, while Intuitives can bring fresh perspectives and to inspire divergent thinking. Intuitives should be prepared to share ideas in a structured, organized and visual way demonstrating the practical applications of their concepts.","This pairing can be dynamic and energetic if handled correctly. The focus on action and moving forward from Actives, compliment to the big thinking of Intuitives. However, Intuitives may need to be patient with Active Creatives' desire for immediate action.","Being an intuitive creative you rely heavily on, as the name suggests, gut feelings and subconscious insights during the creative process. 

Often has spontaneous ""aha"" moments or breakthroughs. 
Comfortable with ambiguity and uncertainty. 
Open to unexpected connections and possibilities. 
May be drawn to artistic and expressive fields.","While thinking big and generating ideas comes naturally, applying those ideas within rigid structures requiring detailed thinking might be more difficult. 

May struggle with explaining the reasoning behind their ideas.
Can become overwhelmed by too much structure or detail.
May overlook practical considerations or potential risks."
Conceptual Creative Style,"Conceptual Creatives are the architects of ideas. They possess a deep understanding of theories and concepts, which they use to fuel their creative imagination. Being comfortable with logic, analysis, and structure, they carefully construct their creations with a clear understanding of the underlying principles. They excel at connecting seemingly disparate concepts and developing innovative solutions to complex problems.",Strong Preference,to Learn through Contemplation,"Your strong preference suggests that you enjoy delving into the details, immersing yourself in a topic seeking deep understanding.","While both styles prioritize ideas, Conceptual Creatives might find Intuitives too unstructured and unpredictable. To collaborate effectively, Conceptual Creatives should prepare themselves to be open to exploring unconventional approaches, suspending some of that logical thinking that usually leads them to the right answer eventually.","Collaborating with like-minded individuals can be stimulating, but remember that diverse perspectives can spark even greater innovation. Designing in moments to seek out challenge and feedback can be helpful to not get stuck in theory and abstract models, while encouraging thinking about practicality.","This pairing can be highly productive. Conceptual Creatives can provide the vision and framework, while Pragmatic Creatives can refine and implement the ideas in a practical way. However, this pairing could benefit from scheduling brainstorming sessions where both parties are encouraged to explore unconventional ideas without judgment, injecting a dose of ambiguity and ""white space"" thinking into the process.","While they may be on “opposites”, these two styles can complement each other well. Conceptual Creatives may need to be patient with Deductive Creatives' desire for immediate action, while Deductive Creatives should appreciate the need for thorough planning and analysis. Clearly defining roles and responsibilities can ensure a smooth workflow and avoid misunderstandings.","Conceptual Creatives are skilled at connecting ideas from different fields and synthesizing them into new and meaningful frameworks. Especially when they can immerse themselves in complex, multi-faceted problems. 

Approaches creativity with a strong emphasis on logic, reason, and analysis.
Excels at identifying patterns, connections, and underlying principles.
Enjoys developing frameworks, models, and systems.
Skilled at problem-solving and critical thinking.","While they excel at deep thinking, they can sometimes get lost in the abyss. A gentle reminder to come up for air, embrace the present moment and seek additional perspectives might be needed now and then. Can overthink or overanalyze, leading to ""analysis paralysis."" May become attached to their ideas and resistant to change. Might struggle with ambiguity and spontaneity."
Conceptual Creative Style,"Conceptual Creatives are the architects of ideas. They possess a deep understanding of theories and concepts, which they use to fuel their creative imagination. Being comfortable with logic, analysis, and structure, they carefully construct their creations with a clear understanding of the underlying principles. They excel at connecting seemingly disparate concepts and developing innovative solutions to complex problems.",Strong Preference,to Apply Knowledge for Ideation,"Your strong preference for ideation points to enjoying thinking big, imagining and developing new understanding.","While both styles prioritize ideas, Conceptual Creatives might find Intuitives too unstructured and unpredictable. To collaborate effectively, Conceptual Creatives should prepare themselves to be open to exploring unconventional approaches, suspending some of that logical thinking that usually leads them to the right answer eventually.","Collaborating with like-minded individuals can be stimulating, but remember that diverse perspectives can spark even greater innovation. Designing in moments to seek out challenge and feedback can be helpful to not get stuck in theory and abstract models, while encouraging thinking about practicality.","This pairing can be highly productive. Conceptual Creatives can provide the vision and framework, while Pragmatic Creatives can refine and implement the ideas in a practical way. However, this pairing could benefit from scheduling brainstorming sessions where both parties are encouraged to explore unconventional ideas without judgment, injecting a dose of ambiguity and ""white space"" thinking into the process.","While they may be on “opposites”, these two styles can complement each other well. Conceptual Creatives may need to be patient with Deductive Creatives' desire for immediate action, while Deductive Creatives should appreciate the need for thorough planning and analysis. Clearly defining roles and responsibilities can ensure a smooth workflow and avoid misunderstandings.","Conceptual Creatives are skilled at connecting ideas from different fields and synthesizing them into new and meaningful frameworks. Especially when they can immerse themselves in complex, multi-faceted problems. 

Approaches creativity with a strong emphasis on logic, reason, and analysis.
Excels at identifying patterns, connections, and underlying principles.
Enjoys developing frameworks, models, and systems.
Skilled at problem-solving and critical thinking.","While they excel at deep thinking, they can sometimes get lost in the abyss. A gentle reminder to come up for air, embrace the present moment and seek additional perspectives might be needed now and then. Can overthink or overanalyze, leading to ""analysis paralysis."" May become attached to their ideas and resistant to change. Might struggle with ambiguity and spontaneity."
Conceptual Creative Style,"Conceptual Creatives are the architects of ideas. They possess a deep understanding of theories and concepts, which they use to fuel their creative imagination. Being comfortable with logic, analysis, and structure, they carefully construct their creations with a clear understanding of the underlying principles. They excel at connecting seemingly disparate concepts and developing innovative solutions to complex problems.",Solid Preference,to Learn through Contemplation,Your solid preference suggests you value thoughtful reflection and enjoy taking the time to fully understand a subject before moving forward.,"While both styles prioritize ideas, Conceptual Creatives might find Intuitives too unstructured and unpredictable. To collaborate effectively, Conceptual Creatives should prepare themselves to be open to exploring unconventional approaches, suspending some of that logical thinking that usually leads them to the right answer eventually.","Collaborating with like-minded individuals can be stimulating, but remember that diverse perspectives can spark even greater innovation. Designing in moments to seek out challenge and feedback can be helpful to not get stuck in theory and abstract models, while encouraging thinking about practicality.","This pairing can be highly productive. Conceptual Creatives can provide the vision and framework, while Pragmatic Creatives can refine and implement the ideas in a practical way. However, this pairing could benefit from scheduling brainstorming sessions where both parties are encouraged to explore unconventional ideas without judgment, injecting a dose of ambiguity and ""white space"" thinking into the process.","While they may be on “opposites”, these two styles can complement each other well. Conceptual Creatives may need to be patient with Deductive Creatives' desire for immediate action, while Deductive Creatives should appreciate the need for thorough planning and analysis. Clearly defining roles and responsibilities can ensure a smooth workflow and avoid misunderstandings.","Conceptual Creatives are skilled at connecting ideas from different fields and synthesizing them into new and meaningful frameworks. Especially when they can immerse themselves in complex, multi-faceted problems. 

Approaches creativity with a strong emphasis on logic, reason, and analysis.
Excels at identifying patterns, connections, and underlying principles.
Enjoys developing frameworks, models, and systems.
Skilled at problem-solving and critical thinking.","While they excel at deep thinking, they can sometimes get lost in the abyss. A gentle reminder to come up for air, embrace the present moment and seek additional perspectives might be needed now and then. Can overthink or overanalyze, leading to ""analysis paralysis."" May become attached to their ideas and resistant to change. Might struggle with ambiguity and spontaneity."
Conceptual Creative Style,"Conceptual Creatives are the architects of ideas. They possess a deep understanding of theories and concepts, which they use to fuel their creative imagination. Being comfortable with logic, analysis, and structure, they carefully construct their creations with a clear understanding of the underlying principles. They excel at connecting seemingly disparate concepts and developing innovative solutions to complex problems.",Solid Preference,to Apply Knowledge for Ideation,Your solid preference suggests you find satisfaction in using knowledge to develop innovative ideas and enjoy exploring new perspectives.,"While both styles prioritize ideas, Conceptual Creatives might find Intuitives too unstructured and unpredictable. To collaborate effectively, Conceptual Creatives should prepare themselves to be open to exploring unconventional approaches, suspending some of that logical thinking that usually leads them to the right answer eventually.","Collaborating with like-minded individuals can be stimulating, but remember that diverse perspectives can spark even greater innovation. Designing in moments to seek out challenge and feedback can be helpful to not get stuck in theory and abstract models, while encouraging thinking about practicality.","This pairing can be highly productive. Conceptual Creatives can provide the vision and framework, while Pragmatic Creatives can refine and implement the ideas in a practical way. However, this pairing could benefit from scheduling brainstorming sessions where both parties are encouraged to explore unconventional ideas without judgment, injecting a dose of ambiguity and ""white space"" thinking into the process.","While they may be on “opposites”, these two styles can complement each other well. Conceptual Creatives may need to be patient with Deductive Creatives' desire for immediate action, while Deductive Creatives should appreciate the need for thorough planning and analysis. Clearly defining roles and responsibilities can ensure a smooth workflow and avoid misunderstandings.","Conceptual Creatives are skilled at connecting ideas from different fields and synthesizing them into new and meaningful frameworks. Especially when they can immerse themselves in complex, multi-faceted problems. 

Approaches creativity with a strong emphasis on logic, reason, and analysis.
Excels at identifying patterns, connections, and underlying principles.
Enjoys developing frameworks, models, and systems.
Skilled at problem-solving and critical thinking.","While they excel at deep thinking, they can sometimes get lost in the abyss. A gentle reminder to come up for air, embrace the present moment and seek additional perspectives might be needed now and then. Can overthink or overanalyze, leading to ""analysis paralysis."" May become attached to their ideas and resistant to change. Might struggle with ambiguity and spontaneity."
Conceptual Creative Style,"Conceptual Creatives are the architects of ideas. They possess a deep understanding of theories and concepts, which they use to fuel their creative imagination. Being comfortable with logic, analysis, and structure, they carefully construct their creations with a clear understanding of the underlying principles. They excel at connecting seemingly disparate concepts and developing innovative solutions to complex problems.",Slight Preference,to Learn through Contemplation,"Your slight preference suggests that you value enjoy delving into the details, but you're not opposed to trying things out yourself.","While both styles prioritize ideas, Conceptual Creatives might find Intuitives too unstructured and unpredictable. To collaborate effectively, Conceptual Creatives should prepare themselves to be open to exploring unconventional approaches, suspending some of that logical thinking that usually leads them to the right answer eventually.","Collaborating with like-minded individuals can be stimulating, but remember that diverse perspectives can spark even greater innovation. Designing in moments to seek out challenge and feedback can be helpful to not get stuck in theory and abstract models, while encouraging thinking about practicality.","This pairing can be highly productive. Conceptual Creatives can provide the vision and framework, while Pragmatic Creatives can refine and implement the ideas in a practical way. However, this pairing could benefit from scheduling brainstorming sessions where both parties are encouraged to explore unconventional ideas without judgment, injecting a dose of ambiguity and ""white space"" thinking into the process.","While they may be on “opposites”, these two styles can complement each other well. Conceptual Creatives may need to be patient with Deductive Creatives' desire for immediate action, while Deductive Creatives should appreciate the need for thorough planning and analysis. Clearly defining roles and responsibilities can ensure a smooth workflow and avoid misunderstandings.","Conceptual Creatives are skilled at connecting ideas from different fields and synthesizing them into new and meaningful frameworks. Especially when they can immerse themselves in complex, multi-faceted problems. 

Approaches creativity with a strong emphasis on logic, reason, and analysis.
Excels at identifying patterns, connections, and underlying principles.
Enjoys developing frameworks, models, and systems.
Skilled at problem-solving and critical thinking.","While they excel at deep thinking, they can sometimes get lost in the abyss. A gentle reminder to come up for air, embrace the present moment and seek additional perspectives might be needed now and then. Can overthink or overanalyze, leading to ""analysis paralysis."" May become attached to their ideas and resistant to change. Might struggle with ambiguity and spontaneity."
Conceptual Creative Style,"Conceptual Creatives are the architects of ideas. They possess a deep understanding of theories and concepts, which they use to fuel their creative imagination. Being comfortable with logic, analysis, and structure, they carefully construct their creations with a clear understanding of the underlying principles. They excel at connecting seemingly disparate concepts and developing innovative solutions to complex problems.",Slight Preference,to Apply Knowledge for Ideation,"Your slight preference for ideation points to enjoying thinking big, while also understanding the constraints of what it takes to get something done.","While both styles prioritize ideas, Conceptual Creatives might find Intuitives too unstructured and unpredictable. To collaborate effectively, Conceptual Creatives should prepare themselves to be open to exploring unconventional approaches, suspending some of that logical thinking that usually leads them to the right answer eventually.","Collaborating with like-minded individuals can be stimulating, but remember that diverse perspectives can spark even greater innovation. Designing in moments to seek out challenge and feedback can be helpful to not get stuck in theory and abstract models, while encouraging thinking about practicality.","This pairing can be highly productive. Conceptual Creatives can provide the vision and framework, while Pragmatic Creatives can refine and implement the ideas in a practical way. However, this pairing could benefit from scheduling brainstorming sessions where both parties are encouraged to explore unconventional ideas without judgment, injecting a dose of ambiguity and ""white space"" thinking into the process.","While they may be on “opposites”, these two styles can complement each other well. Conceptual Creatives may need to be patient with Deductive Creatives' desire for immediate action, while Deductive Creatives should appreciate the need for thorough planning and analysis. Clearly defining roles and responsibilities can ensure a smooth workflow and avoid misunderstandings.","Conceptual Creatives are skilled at connecting ideas from different fields and synthesizing them into new and meaningful frameworks. Especially when they can immerse themselves in complex, multi-faceted problems. 

Approaches creativity with a strong emphasis on logic, reason, and analysis.
Excels at identifying patterns, connections, and underlying principles.
Enjoys developing frameworks, models, and systems.
Skilled at problem-solving and critical thinking.","While they excel at deep thinking, they can sometimes get lost in the abyss. A gentle reminder to come up for air, embrace the present moment and seek additional perspectives might be needed now and then. Can overthink or overanalyze, leading to ""analysis paralysis."" May become attached to their ideas and resistant to change. Might struggle with ambiguity and spontaneity."
Pragmatic Creative Style,"Pragmatic Creatives are grounded thinkers, approaching creativity with a logical and analytical mindset. They excel at evaluating ideas, identifying patterns, and developing structured plans to bring their visions to life. Where they stand apart is taking existing ideas and refining them, improving upon them, and finding practical applications. They are resourceful and flexible, navigating challenges and adjust their approach as needed.",Strong Preference,to Learn through Contemplation,"Your strong preference suggests you appreciate a structured and logical approach to learning, enjoying the process of analyzing information.","While they may be “opposites”, these two styles can complement each other well. In an effective collaboration, Pragmatic Creatives can help Intuitives refine and implement their ideas, while Intuitives can bring fresh perspectives and inspire outside the box thinking. Creating a shared visual roadmap can be an effective way to track progress and ensure alignment on goals and milestones.","This pairing is a natural partnership and can be highly productive. Conceptual Creatives can provide the vision and framework, while Pragmatic Creatives can refine and implement the ideas in a practical way. Establishing clear communication channels and regular check-ins can help maintain momentum and address any roadblocks.","While this pairing offers strong organizational skills and a focus on implementation, remember that incorporating diverse perspectives can lead to more innovative and well-rounded solutions. Setting aside dedicated time for brainstorming and ideation can help avoid getting bogged down in the details too early in the process.",This combination can be effective if both styles are clear on their roles and responsibilities. Pragmatic Creatives can help Deductive Creatives channel their energy and focus on achievable goals. Encouraging the Deductive Creative to document their experiments and findings can facilitate analysis and learning for both parties.,"Highly organized, detail-oriented, and strategic in their thinking, they easily apply critical thinking required for planning and executing ideas. Resourceful and adaptable, they excel at bringing creative concepts down to earth and finding real-world applications. 

Can focus on the details to make that next improvement, constantly refining and improving
Resourceful and adaptable, able to work within constraints
Skilled at finding practical applications for creative concepts.
Strong sense of practicality and feasibility.","Their focus on practicality can sometimes overshadow the bigger picture or the potential for groundbreaking creativity, sometimes hesitating to venture into uncharted territory.

May be hesitant to take risks or explore truly novel ideas or become too focused on the practical 
Might struggle with ambiguity and open-endedness
Find it hard to focus and grasp onto concepts to abstract or distant from tangible reality"
Pragmatic Creative Style,"Pragmatic Creatives are grounded thinkers, approaching creativity with a logical and analytical mindset. They excel at evaluating ideas, identifying patterns, and developing structured plans to bring their visions to life. Where they stand apart is taking existing ideas and refining them, improving upon them, and finding practical applications. They are resourceful and flexible, navigating challenges and adjust their approach as needed.",Strong Preference,to Apply Knowledge for Production,"Your strong preference for productions points to enjoying the challenge of taking an idea and making it a reality, finding practical solutions, and constantly improving how things work.","While they may be “opposites”, these two styles can complement each other well. In an effective collaboration, Pragmatic Creatives can help Intuitives refine and implement their ideas, while Intuitives can bring fresh perspectives and inspire outside the box thinking. Creating a shared visual roadmap can be an effective way to track progress and ensure alignment on goals and milestones.","This pairing is a natural partnership and can be highly productive. Conceptual Creatives can provide the vision and framework, while Pragmatic Creatives can refine and implement the ideas in a practical way. Establishing clear communication channels and regular check-ins can help maintain momentum and address any roadblocks.","While this pairing offers strong organizational skills and a focus on implementation, remember that incorporating diverse perspectives can lead to more innovative and well-rounded solutions. Setting aside dedicated time for brainstorming and ideation can help avoid getting bogged down in the details too early in the process.",This combination can be effective if both styles are clear on their roles and responsibilities. Pragmatic Creatives can help Deductive Creatives channel their energy and focus on achievable goals. Encouraging the Deductive Creative to document their experiments and findings can facilitate analysis and learning for both parties.,"Highly organized, detail-oriented, and strategic in their thinking, they easily apply critical thinking required for planning and executing ideas. Resourceful and adaptable, they excel at bringing creative concepts down to earth and finding real-world applications. 

Can focus on the details to make that next improvement, constantly refining and improving
Resourceful and adaptable, able to work within constraints
Skilled at finding practical applications for creative concepts.
Strong sense of practicality and feasibility.","Their focus on practicality can sometimes overshadow the bigger picture or the potential for groundbreaking creativity, sometimes hesitating to venture into uncharted territory.

May be hesitant to take risks or explore truly novel ideas or become too focused on the practical 
Might struggle with ambiguity and open-endedness
Find it hard to focus and grasp onto concepts to abstract or distant from tangible reality"
Pragmatic Creative Style,"Pragmatic Creatives are grounded thinkers, approaching creativity with a logical and analytical mindset. They excel at evaluating ideas, identifying patterns, and developing structured plans to bring their visions to life. Where they stand apart is taking existing ideas and refining them, improving upon them, and finding practical applications. They are resourceful and flexible, navigating challenges and adjust their approach as needed.",Solid Preference,to Learn through Contemplation,"Your solid preference suggests you value careful consideration and thoughtful analysis, preferring to fully understand a concept before applying it.","While they may be “opposites”, these two styles can complement each other well. In an effective collaboration, Pragmatic Creatives can help Intuitives refine and implement their ideas, while Intuitives can bring fresh perspectives and inspire outside the box thinking. Creating a shared visual roadmap can be an effective way to track progress and ensure alignment on goals and milestones.","This pairing is a natural partnership and can be highly productive. Conceptual Creatives can provide the vision and framework, while Pragmatic Creatives can refine and implement the ideas in a practical way. Establishing clear communication channels and regular check-ins can help maintain momentum and address any roadblocks.","While this pairing offers strong organizational skills and a focus on implementation, remember that incorporating diverse perspectives can lead to more innovative and well-rounded solutions. Setting aside dedicated time for brainstorming and ideation can help avoid getting bogged down in the details too early in the process.",This combination can be effective if both styles are clear on their roles and responsibilities. Pragmatic Creatives can help Deductive Creatives channel their energy and focus on achievable goals. Encouraging the Deductive Creative to document their experiments and findings can facilitate analysis and learning for both parties.,"Highly organized, detail-oriented, and strategic in their thinking, they easily apply critical thinking required for planning and executing ideas. Resourceful and adaptable, they excel at bringing creative concepts down to earth and finding real-world applications. 

Can focus on the details to make that next improvement, constantly refining and improving
Resourceful and adaptable, able to work within constraints
Skilled at finding practical applications for creative concepts.
Strong sense of practicality and feasibility.","Their focus on practicality can sometimes overshadow the bigger picture or the potential for groundbreaking creativity, sometimes hesitating to venture into uncharted territory.

May be hesitant to take risks or explore truly novel ideas or become too focused on the practical 
Might struggle with ambiguity and open-endedness
Find it hard to focus and grasp onto concepts to abstract or distant from tangible reality"
Pragmatic Creative Style,"Pragmatic Creatives are grounded thinkers, approaching creativity with a logical and analytical mindset. They excel at evaluating ideas, identifying patterns, and developing structured plans to bring their visions to life. Where they stand apart is taking existing ideas and refining them, improving upon them, and finding practical applications. They are resourceful and flexible, navigating challenges and adjust their approach as needed.",Solid Preference,to Apply Knowledge for Production,"Your solid preference for productions points to enjoying the challenge of taking an idea and making it a reality, finding practical solutions, and constantly improving how things work.","While they may be “opposites”, these two styles can complement each other well. In an effective collaboration, Pragmatic Creatives can help Intuitives refine and implement their ideas, while Intuitives can bring fresh perspectives and inspire outside the box thinking. Creating a shared visual roadmap can be an effective way to track progress and ensure alignment on goals and milestones.","This pairing is a natural partnership and can be highly productive. Conceptual Creatives can provide the vision and framework, while Pragmatic Creatives can refine and implement the ideas in a practical way. Establishing clear communication channels and regular check-ins can help maintain momentum and address any roadblocks.","While this pairing offers strong organizational skills and a focus on implementation, remember that incorporating diverse perspectives can lead to more innovative and well-rounded solutions. Setting aside dedicated time for brainstorming and ideation can help avoid getting bogged down in the details too early in the process.",This combination can be effective if both styles are clear on their roles and responsibilities. Pragmatic Creatives can help Deductive Creatives channel their energy and focus on achievable goals. Encouraging the Deductive Creative to document their experiments and findings can facilitate analysis and learning for both parties.,"Highly organized, detail-oriented, and strategic in their thinking, they easily apply critical thinking required for planning and executing ideas. Resourceful and adaptable, they excel at bringing creative concepts down to earth and finding real-world applications. 

Can focus on the details to make that next improvement, constantly refining and improving
Resourceful and adaptable, able to work within constraints
Skilled at finding practical applications for creative concepts.
Strong sense of practicality and feasibility.","Their focus on practicality can sometimes overshadow the bigger picture or the potential for groundbreaking creativity, sometimes hesitating to venture into uncharted territory.

May be hesitant to take risks or explore truly novel ideas or become too focused on the practical 
Might struggle with ambiguity and open-endedness
Find it hard to focus and grasp onto concepts to abstract or distant from tangible reality"
Pragmatic Creative Style,"Pragmatic Creatives are grounded thinkers, approaching creativity with a logical and analytical mindset. They excel at evaluating ideas, identifying patterns, and developing structured plans to bring their visions to life. Where they stand apart is taking existing ideas and refining them, improving upon them, and finding practical applications. They are resourceful and flexible, navigating challenges and adjust their approach as needed.",Slight Preference,to Learn through Contemplation,"Your slight preference suggests that you value enjoy delving into the details, but you're not opposed to trying things out yourself.","While they may be “opposites”, these two styles can complement each other well. In an effective collaboration, Pragmatic Creatives can help Intuitives refine and implement their ideas, while Intuitives can bring fresh perspectives and inspire outside the box thinking. Creating a shared visual roadmap can be an effective way to track progress and ensure alignment on goals and milestones.","This pairing is a natural partnership and can be highly productive. Conceptual Creatives can provide the vision and framework, while Pragmatic Creatives can refine and implement the ideas in a practical way. Establishing clear communication channels and regular check-ins can help maintain momentum and address any roadblocks.","While this pairing offers strong organizational skills and a focus on implementation, remember that incorporating diverse perspectives can lead to more innovative and well-rounded solutions. Setting aside dedicated time for brainstorming and ideation can help avoid getting bogged down in the details too early in the process.",This combination can be effective if both styles are clear on their roles and responsibilities. Pragmatic Creatives can help Deductive Creatives channel their energy and focus on achievable goals. Encouraging the Deductive Creative to document their experiments and findings can facilitate analysis and learning for both parties.,"Highly organized, detail-oriented, and strategic in their thinking, they easily apply critical thinking required for planning and executing ideas. Resourceful and adaptable, they excel at bringing creative concepts down to earth and finding real-world applications. 

Can focus on the details to make that next improvement, constantly refining and improving
Resourceful and adaptable, able to work within constraints
Skilled at finding practical applications for creative concepts.
Strong sense of practicality and feasibility.","Their focus on practicality can sometimes overshadow the bigger picture or the potential for groundbreaking creativity, sometimes hesitating to venture into uncharted territory.

May be hesitant to take risks or explore truly novel ideas or become too focused on the practical 
Might struggle with ambiguity and open-endedness
Find it hard to focus and grasp onto concepts to abstract or distant from tangible reality"
Pragmatic Creative Style,"Pragmatic Creatives are grounded thinkers, approaching creativity with a logical and analytical mindset. They excel at evaluating ideas, identifying patterns, and developing structured plans to bring their visions to life. Where they stand apart is taking existing ideas and refining them, improving upon them, and finding practical applications. They are resourceful and flexible, navigating challenges and adjust their approach as needed.",Slight Preference,to Apply Knowledge for Production,"Your slight preference suggests you appreciate bringing ideas to fruition, but also recognize the value of exploration and experimentation in the process.","While they may be “opposites”, these two styles can complement each other well. In an effective collaboration, Pragmatic Creatives can help Intuitives refine and implement their ideas, while Intuitives can bring fresh perspectives and inspire outside the box thinking. Creating a shared visual roadmap can be an effective way to track progress and ensure alignment on goals and milestones.","This pairing is a natural partnership and can be highly productive. Conceptual Creatives can provide the vision and framework, while Pragmatic Creatives can refine and implement the ideas in a practical way. Establishing clear communication channels and regular check-ins can help maintain momentum and address any roadblocks.","While this pairing offers strong organizational skills and a focus on implementation, remember that incorporating diverse perspectives can lead to more innovative and well-rounded solutions. Setting aside dedicated time for brainstorming and ideation can help avoid getting bogged down in the details too early in the process.",This combination can be effective if both styles are clear on their roles and responsibilities. Pragmatic Creatives can help Deductive Creatives channel their energy and focus on achievable goals. Encouraging the Deductive Creative to document their experiments and findings can facilitate analysis and learning for both parties.,"Highly organized, detail-oriented, and strategic in their thinking, they easily apply critical thinking required for planning and executing ideas. Resourceful and adaptable, they excel at bringing creative concepts down to earth and finding real-world applications. 

Can focus on the details to make that next improvement, constantly refining and improving
Resourceful and adaptable, able to work within constraints
Skilled at finding practical applications for creative concepts.
Strong sense of practicality and feasibility.","Their focus on practicality can sometimes overshadow the bigger picture or the potential for groundbreaking creativity, sometimes hesitating to venture into uncharted territory.

May be hesitant to take risks or explore truly novel ideas or become too focused on the practical 
Might struggle with ambiguity and open-endedness
Find it hard to focus and grasp onto concepts to abstract or distant from tangible reality"
Deductive Creative Style,"Deductive Creatives are the embodiment of ""learning by doing."" They possess an insatiable curiosity and a drive to explore the world through direct experience. Like scientists conducting experiments, they're constantly testing, analyzing, and refining their ideas through hands-on exploration. They're not afraid to take risks, embrace challenges, and learn from their mistakes.",Strong Preference,to Learn through Experience,Your strong preference suggests you're a kinesthetic learner who thrives on hands-on activities and enjoys learning through trial and error.,"Deductive Creatives should appreciate the Intuitive's need for space and exploration, while Intuitives may need to be patient with Deductive Creatives' desire for immediate action. Establishing a clear framework for experimentation and defining specific goals can help guide the exploration and ensure productive collaboration.","Deductive Creatives should appreciate the Conceptual Creative's need for thorough planning and analysis, while Conceptual Creatives may need to be patient with Deductive Creatives' desire for immediate action. Creating a visual timeline or flowchart to illustrate the process and demonstrate how experimentation fits into the overall plan can foster understanding and collaboration.","This combination can be effective if both styles are clear on their roles and responsibilities. Pragmatic Creatives can help Deductive Creatives channel their energy and focus on achievable goals. Encouraging the Deductive Creative to share their insights and discoveries regularly, and to document their experiments, can facilitate analysis and learning, while the Pragmatic Creative can offer guidance on prioritizing tasks and setting realistic expectations.","While this pairing can be a whirlwind of action and experimentation, remember that incorporating diverse perspectives can lead to more strategic and well-rounded outcomes. Establishing a system for documenting experiments and sharing knowledge can help avoid redundant efforts and maximize learning.","Deductive Creatives are adaptable, resourceful, and results-oriented. They excel at problem-solving, testing ideas, and learning through experimentation. They're passionate and enthusiastic, with a strong work ethic.

Adaptable, resourceful, and results-oriented.
Driven by action, experimentation, and hands-on learning.
Thrives in dynamic environments and enjoys taking risks.
Excels at bringing ideas to life and seeing tangible results.","While Deductive Creatives excel at hands-on learning, they may be impulsive and jump into action without sufficient planning. They can be impatient with delays and struggle with tasks that require sustained focus.

Can be impulsive and jump into action without sufficient planning, that may become delays or setbacks causing frustration
Might struggle with tasks that require sustained focus or attention to detail.
May become impatient with theoretical discussions or long-term planning."
Deductive Creative Style,"Deductive Creatives are the embodiment of ""learning by doing."" They possess an insatiable curiosity and a drive to explore the world through direct experience. Like scientists conducting experiments, they're constantly testing, analyzing, and refining their ideas through hands-on exploration. They're not afraid to take risks, embrace challenges, and learn from their mistakes.",Strong Preference,to Apply Knowledge for Production,Your strong preference suggests you're focused on achieving concrete outcomes and producing high-quality work. You value precision and efficiency.,"Deductive Creatives should appreciate the Intuitive's need for space and exploration, while Intuitives may need to be patient with Deductive Creatives' desire for immediate action. Establishing a clear framework for experimentation and defining specific goals can help guide the exploration and ensure productive collaboration.","Deductive Creatives should appreciate the Conceptual Creative's need for thorough planning and analysis, while Conceptual Creatives may need to be patient with Deductive Creatives' desire for immediate action. Creating a visual timeline or flowchart to illustrate the process and demonstrate how experimentation fits into the overall plan can foster understanding and collaboration.","This combination can be effective if both styles are clear on their roles and responsibilities. Pragmatic Creatives can help Deductive Creatives channel their energy and focus on achievable goals. Encouraging the Deductive Creative to share their insights and discoveries regularly, and to document their experiments, can facilitate analysis and learning, while the Pragmatic Creative can offer guidance on prioritizing tasks and setting realistic expectations.","While this pairing can be a whirlwind of action and experimentation, remember that incorporating diverse perspectives can lead to more strategic and well-rounded outcomes. Establishing a system for documenting experiments and sharing knowledge can help avoid redundant efforts and maximize learning.","Deductive Creatives are adaptable, resourceful, and results-oriented. They excel at problem-solving, testing ideas, and learning through experimentation. They're passionate and enthusiastic, with a strong work ethic.

Adaptable, resourceful, and results-oriented.
Driven by action, experimentation, and hands-on learning.
Thrives in dynamic environments and enjoys taking risks.
Excels at bringing ideas to life and seeing tangible results.","While Deductive Creatives excel at hands-on learning, they may be impulsive and jump into action without sufficient planning. They can be impatient with delays and struggle with tasks that require sustained focus.

Can be impulsive and jump into action without sufficient planning, that may become delays or setbacks causing frustration
Might struggle with tasks that require sustained focus or attention to detail.
May become impatient with theoretical discussions or long-term planning."
Deductive Creative Style,"Deductive Creatives are the embodiment of ""learning by doing."" They possess an insatiable curiosity and a drive to explore the world through direct experience. Like scientists conducting experiments, they're constantly testing, analyzing, and refining their ideas through hands-on exploration. They're not afraid to take risks, embrace challenges, and learn from their mistakes.",Solid Preference,to Learn through Experience,"Your solid preference suggests you value practical skills and enjoy applying knowledge in tangible ways, finding direct experience to be effective.","Deductive Creatives should appreciate the Intuitive's need for space and exploration, while Intuitives may need to be patient with Deductive Creatives' desire for immediate action. Establishing a clear framework for experimentation and defining specific goals can help guide the exploration and ensure productive collaboration.","Deductive Creatives should appreciate the Conceptual Creative's need for thorough planning and analysis, while Conceptual Creatives may need to be patient with Deductive Creatives' desire for immediate action. Creating a visual timeline or flowchart to illustrate the process and demonstrate how experimentation fits into the overall plan can foster understanding and collaboration.","This combination can be effective if both styles are clear on their roles and responsibilities. Pragmatic Creatives can help Deductive Creatives channel their energy and focus on achievable goals. Encouraging the Deductive Creative to share their insights and discoveries regularly, and to document their experiments, can facilitate analysis and learning, while the Pragmatic Creative can offer guidance on prioritizing tasks and setting realistic expectations.","While this pairing can be a whirlwind of action and experimentation, remember that incorporating diverse perspectives can lead to more strategic and well-rounded outcomes. Establishing a system for documenting experiments and sharing knowledge can help avoid redundant efforts and maximize learning.","Deductive Creatives are adaptable, resourceful, and results-oriented. They excel at problem-solving, testing ideas, and learning through experimentation. They're passionate and enthusiastic, with a strong work ethic.

Adaptable, resourceful, and results-oriented.
Driven by action, experimentation, and hands-on learning.
Thrives in dynamic environments and enjoys taking risks.
Excels at bringing ideas to life and seeing tangible results.","While Deductive Creatives excel at hands-on learning, they may be impulsive and jump into action without sufficient planning. They can be impatient with delays and struggle with tasks that require sustained focus.

Can be impulsive and jump into action without sufficient planning, that may become delays or setbacks causing frustration
Might struggle with tasks that require sustained focus or attention to detail.
May become impatient with theoretical discussions or long-term planning."
Deductive Creative Style,"Deductive Creatives are the embodiment of ""learning by doing."" They possess an insatiable curiosity and a drive to explore the world through direct experience. Like scientists conducting experiments, they're constantly testing, analyzing, and refining their ideas through hands-on exploration. They're not afraid to take risks, embrace challenges, and learn from their mistakes.",Solid Preference,to Apply Knowledge for Production,"Your solid preference suggests you enjoy refining your work, take pride in your ability to deliver results, and are motivated by accomplishment.","Deductive Creatives should appreciate the Intuitive's need for space and exploration, while Intuitives may need to be patient with Deductive Creatives' desire for immediate action. Establishing a clear framework for experimentation and defining specific goals can help guide the exploration and ensure productive collaboration.","Deductive Creatives should appreciate the Conceptual Creative's need for thorough planning and analysis, while Conceptual Creatives may need to be patient with Deductive Creatives' desire for immediate action. Creating a visual timeline or flowchart to illustrate the process and demonstrate how experimentation fits into the overall plan can foster understanding and collaboration.","This combination can be effective if both styles are clear on their roles and responsibilities. Pragmatic Creatives can help Deductive Creatives channel their energy and focus on achievable goals. Encouraging the Deductive Creative to share their insights and discoveries regularly, and to document their experiments, can facilitate analysis and learning, while the Pragmatic Creative can offer guidance on prioritizing tasks and setting realistic expectations.","While this pairing can be a whirlwind of action and experimentation, remember that incorporating diverse perspectives can lead to more strategic and well-rounded outcomes. Establishing a system for documenting experiments and sharing knowledge can help avoid redundant efforts and maximize learning.","Deductive Creatives are adaptable, resourceful, and results-oriented. They excel at problem-solving, testing ideas, and learning through experimentation. They're passionate and enthusiastic, with a strong work ethic.

Adaptable, resourceful, and results-oriented.
Driven by action, experimentation, and hands-on learning.
Thrives in dynamic environments and enjoys taking risks.
Excels at bringing ideas to life and seeing tangible results.","While Deductive Creatives excel at hands-on learning, they may be impulsive and jump into action without sufficient planning. They can be impatient with delays and struggle with tasks that require sustained focus.

Can be impulsive and jump into action without sufficient planning, that may become delays or setbacks causing frustration
Might struggle with tasks that require sustained focus or attention to detail.
May become impatient with theoretical discussions or long-term planning."
Deductive Creative Style,"Deductive Creatives are the embodiment of ""learning by doing."" They possess an insatiable curiosity and a drive to explore the world through direct experience. Like scientists conducting experiments, they're constantly testing, analyzing, and refining their ideas through hands-on exploration. They're not afraid to take risks, embrace challenges, and learn from their mistakes.",Slight Preference,to Learn through Experience,"Your slight preference suggests you appreciate experience, but also recognize the importance of theoretical knowledge and conceptual understanding.","Deductive Creatives should appreciate the Intuitive's need for space and exploration, while Intuitives may need to be patient with Deductive Creatives' desire for immediate action. Establishing a clear framework for experimentation and defining specific goals can help guide the exploration and ensure productive collaboration.","Deductive Creatives should appreciate the Conceptual Creative's need for thorough planning and analysis, while Conceptual Creatives may need to be patient with Deductive Creatives' desire for immediate action. Creating a visual timeline or flowchart to illustrate the process and demonstrate how experimentation fits into the overall plan can foster understanding and collaboration.","This combination can be effective if both styles are clear on their roles and responsibilities. Pragmatic Creatives can help Deductive Creatives channel their energy and focus on achievable goals. Encouraging the Deductive Creative to share their insights and discoveries regularly, and to document their experiments, can facilitate analysis and learning, while the Pragmatic Creative can offer guidance on prioritizing tasks and setting realistic expectations.","While this pairing can be a whirlwind of action and experimentation, remember that incorporating diverse perspectives can lead to more strategic and well-rounded outcomes. Establishing a system for documenting experiments and sharing knowledge can help avoid redundant efforts and maximize learning.","Deductive Creatives are adaptable, resourceful, and results-oriented. They excel at problem-solving, testing ideas, and learning through experimentation. They're passionate and enthusiastic, with a strong work ethic.

Adaptable, resourceful, and results-oriented.
Driven by action, experimentation, and hands-on learning.
Thrives in dynamic environments and enjoys taking risks.
Excels at bringing ideas to life and seeing tangible results.","While Deductive Creatives excel at hands-on learning, they may be impulsive and jump into action without sufficient planning. They can be impatient with delays and struggle with tasks that require sustained focus.

Can be impulsive and jump into action without sufficient planning, that may become delays or setbacks causing frustration
Might struggle with tasks that require sustained focus or attention to detail.
May become impatient with theoretical discussions or long-term planning."
Deductive Creative Style,"Deductive Creatives are the embodiment of ""learning by doing."" They possess an insatiable curiosity and a drive to explore the world through direct experience. Like scientists conducting experiments, they're constantly testing, analyzing, and refining their ideas through hands-on exploration. They're not afraid to take risks, embrace challenges, and learn from their mistakes.",Slight Preference,to Apply Knowledge for Production,"Your slight preference suggests you appreciate producing tangible results, but also recognize the value of experimentation and finding new ways to innovate.","Deductive Creatives should appreciate the Intuitive's need for space and exploration, while Intuitives may need to be patient with Deductive Creatives' desire for immediate action. Establishing a clear framework for experimentation and defining specific goals can help guide the exploration and ensure productive collaboration.","Deductive Creatives should appreciate the Conceptual Creative's need for thorough planning and analysis, while Conceptual Creatives may need to be patient with Deductive Creatives' desire for immediate action. Creating a visual timeline or flowchart to illustrate the process and demonstrate how experimentation fits into the overall plan can foster understanding and collaboration.","This combination can be effective if both styles are clear on their roles and responsibilities. Pragmatic Creatives can help Deductive Creatives channel their energy and focus on achievable goals. Encouraging the Deductive Creative to share their insights and discoveries regularly, and to document their experiments, can facilitate analysis and learning, while the Pragmatic Creative can offer guidance on prioritizing tasks and setting realistic expectations.","While this pairing can be a whirlwind of action and experimentation, remember that incorporating diverse perspectives can lead to more strategic and well-rounded outcomes. Establishing a system for documenting experiments and sharing knowledge can help avoid redundant efforts and maximize learning.","Deductive Creatives are adaptable, resourceful, and results-oriented. They excel at problem-solving, testing ideas, and learning through experimentation. They're passionate and enthusiastic, with a strong work ethic.

Adaptable, resourceful, and results-oriented.
Driven by action, experimentation, and hands-on learning.
Thrives in dynamic environments and enjoys taking risks.
Excels at bringing ideas to life and seeing tangible results.","While Deductive Creatives excel at hands-on learning, they may be impulsive and jump into action without sufficient planning. They can be impatient with delays and struggle with tasks that require sustained focus.

Can be impulsive and jump into action without sufficient planning, that may become delays or setbacks causing frustration
Might struggle with tasks that require sustained focus or attention to detail.
May become impatient with theoretical discussions or long-term planning."